{"cameraMode":{"drawMode":0,"name":"Shaded","section":"Shading Mode"},"sceneLighting":false,"audioPlay":false,"sceneViewState":{"showFog":true,"showMaterialUpdate":false,"showSkybox":true,"showFlares":true,"showImageEffects":true,"showParticleSystems":true},"in2DMode":false,"pivot":{"x":0.0,"y":10.09090805053711,"z":-38.493221282958987},"rotation":{"x":0.11609325557947159,"y":0.026813838630914689,"z":-0.0031362632289528848,"w":0.9928713440895081},"size":27.894853591918947,"orthographic":true}